hobby_name,primary_category,description,hobby_id,int_social_non_social,int_social_elasticity,int_indoor_outdoor,int_local_travel,int_formal_classes_available,int_equipment_needed,int_equpiment_frequently_replaced,int_cost_after_purchase,int_recurring_cost_low,int_recurring_cost_high,int_min_start_cost,int_max_start_cost,int_urban_nature,int_commitment_level,int_min_time_per_session,int_suggested_weather
NOTES,,,,non_social0-1social,low0-5high,indoor0-3outdoor,local0-2travel,no0-3Yes,none0-3required,low0-5high,free0-3cost,in USD,in USD,in USD,in USD,urban0-2nature,low0-3lifestyle,in minutes,dry0-2snow/wet
Running,Active,description,1,0,5,3,0,1,2,2,0,0,0,0,200,1,0,20,0
5Ks,Active,description,2,1,5,3,0,1,2,2,3,10,50,10,50,1,0,30,0
10Ks,Active,description,3,1,5,3,0,2,2,3,3,10,50,10,50,1,0,60,0
Marathons,Active,description,4,1,5,3,0,2,3,3,3,20,300,0,200,1,1,240,0
Obstacle Racing,Active,description,5,1,5,3,0,3,2,2,3,20,50,0,200,1,1,60,1
Walking,Active,description,6,0,5,3,0,0,0,0,0,0,0,0,200,1,0,30,1
Road Biking,Active,description,7,0,5,3,0,0,3,1,0,0,0,175,2000,1,0,30,0
Long boarding,Active,description,8,1,4,3,0,1,3,1,0,0,0,35,600,0,0,30,0
Skateboarding,Active,description,9,1,5,3,0,2,3,1,0,0,0,35,500,0,0,45,0
Roller Skating,Active,description,10,1,5,3,0,1,3,1,0,0,0,,,0,0,45,0
Roller Blading,Active,description,11,1,4,3,0,1,3,1,0,0,0,,,0,0,30,0
Parkour,Active,Push yourself mentally and physically to traverse the urban enviroment in effiecent or creative ways,12,1,5,3,0,3,0,2,1,,,0,200,1,0,30,0
Tennis,Active,description,13,1,3,3,0,3,3,2,0,,,,,0,1,60,0
Disc Golf,Active,description,14,1,5,3,0,2,3,1,0,,,,,1,0,60,0
Ultimate Frisbee,Active,description,15,1,1,3,0,3,3,1,2,,,,,0,1,40,0
Softball,Active,description,16,1,1,3,0,1,3,1,2,,,,,0,1,60,0
Baseball,Active,description,17,1,1,3,0,1,3,1,2,,,,,0,1,120,0
Basketball,Active,description,18,1,1,3,0,1,3,1,2,,,,,0,1,60,0
Flag Football,Active,description,19,1,1,3,0,1,3,1,2,,,,,0,1,30,0
Soccer,Active,description,20,1,1,2,0,1,3,2,2,,,,,0,1,60,0
Racquetball,Active,description,21,1,2,0,0,1,3,1,2,,,,,0,1,30,-1
Table Tennis,Active,description,22,1,2,0,0,1,3,1,2,,,,,0,1,30,-1
Squashball,Active,description,23,1,2,0,0,1,3,1,2,,,,,0,1,30,-1
Golf,Active,description,24,1,5,3,0,3,2,2,1,,,,,0,0,180,0
Water Polo,Active,description,25,1,1,1,0,1,3,1,2,,,,,0,1,60,-1
Swimming,Active,description,26,0,4,1,0,3,1,1,1,,,,,0,0,60,-1
Cross Fit,Active,description,27,1,4,0,0,3,2,1,2,,,,,0,0,60,-1
Triathlons,Active,description,28,1,5,3,1,2,3,2,3,,,,,0,1,150,0
Archery,Active,description,29,0,5,2,0,3,2,3,0,,,,,1,0,60,0
Shooting,Active,description,30,0,5,3,0,3,2,4,0,,,,,1,1,60,0
Snow Shoeing,Active,description,31,0,3,3,1,3,2,2,2,,,,,2,0,240,2
Skiing,Active,description,32,1,5,3,1,3,2,1,2,,,,,2,0,240,2
Cross Country Skiing,Active,description,33,0,4,3,1,3,2,1,2,,,,,2,0,240,2
Snow boarding,Active,description,34,1,5,3,1,3,2,1,2,,,,,2,0,240,2
Ice Skating,Active,description,35,1,5,3,0,3,2,1,2,,,,,0,0,90,-1
Ice Climbing,Active,description,36,0,4,3,2,3,3,1,2,,,,,2,2,240,2
Trail Running,Active,description,37,0,5,3,1,1,2,2,0,,,,,2,0,120,0
Hiking,Active,description,38,1,5,3,1,1,2,2,0,,,,,2,0,120,0
Mountain Biking,Active,description,39,1,5,3,1,1,3,1,0,,,,,2,1,60,0
Surfing,Active,description,40,1,5,3,1,3,2,1,0,,,,,1,0,90,0
River Surfing,Active,description,41,1,5,3,1,1,2,1,0,,,,,1,0,60,0
Bunjee jumping,Active,description,42,1,1,3,1,3,2,1,3,,,,,1,1,120,0
Sky Diving,Active,description,43,1,1,3,0,3,2,2,3,,,,,0,1,180,0
Dirt Biking,Active,description,44,1,5,3,0,,3,1,0,,,,,2,1,120,0
BMX,Active,description,45,1,5,3,0,,3,1,0,,,,,0,0,60,0
Jump Rope,Active,Jumping over a hand held rope that you spin at different speeds and in different patterns for cardio or for fun,46,0,4,2,0,,3,2,0,,,,,1,0,30,1
Autocross,Active,Race your car around a makeshift circuit against the clock and try to beat your time every life,47,1,3,3,0,,3,1,3,,,,,0,0,120,0
Rallycross,Active,Race your car around a circuit made up of both paved raceway sections and dirt rally sections against other racers,48,1,3,3,1,,3,2,3,,,,,0,2,300,1
Go-Karting,Active,description,49,1,3,1,0,,2,1,2,,,,,0,1,120,0
Drag Racing,Active,description,50,1,3,3,1,,3,2,3,,,,,0,1,300,0
Kite Surfing,Active,description,51,0,5,3,1,,2,1,0,,,,,1,0,,0
Water Skiing,Active,description,52,1,1,3,1,,3,1,2,,,,,1,0,,0
Boating,Active,description,53,1,3,3,1,,3,2,2,,,,,1,1,,0
Paddle Boarding,Active,description,54,0,5,3,0,,2,2,0,,,,,1,0,60,0
Break Dancing,Active,description,55,1,5,1,0,3,0,0,0,,,,,0,0,,-1
Salsa Dancing,Active,description,56,1,4,1,0,3,0,0,0,,,,,0,0,,-1
Ballroom Dancing,Active,description,57,1,2,1,0,3,0,0,0,,,,,0,0,,-1
Hip-Hop Dancing,Active,description,58,1,5,1,0,3,0,0,0,,,,,0,0,,-1
Ballet,Active,description,59,1,4,1,0,3,0,0,0,,,,,0,0,,-1
Tap Dancing,Active,description,60,1,5,1,0,3,2,1,0,,,,,0,0,,-1
River Dancing,Active,description,61,1,5,1,0,3,0,0,0,,,,,0,0,,-1
Contemporary Dancing,Active,description,62,1,5,1,0,3,0,0,0,,,,,0,0,,-1
Line Dancing,Active,description,63,1,2,1,0,3,0,0,0,,,,,0,0,,-1
Swing Dancing,Active,description,64,1,1,1,0,3,0,0,0,,,,,0,0,,-1
Belly Dancing,Active,description,65,1,5,1,0,3,0,0,0,,,,,0,0,,-1
Tango Dancing,Active,description,66,1,1,1,0,3,0,0,0,,,,,0,0,,-1
Jazz Dancing,Active,description,67,1,5,1,0,3,0,0,0,,,,,0,0,,-1
Mountain Climbing,Active,description,68,0,4,3,1,3,2,3,2,,,,,2,1,,0
Kickboxing,Active,description,69,0,5,1,0,3,1,2,1,,,,,0,0,,-1
Martial Arts,Active,description,70,0,5,1,0,3,0,1,1,,,,,1,0,,-1
MMA,Active,description,71,1,1,1,0,3,3,2,2,,,,,0,0,,-1
Volleyball,Active,description,72,1,1,2,0,1,3,2,2,,,,,0,1,,1
Yoga,Active,description,73,1,5,1,0,3,0,0,0,,,,,1,0,,-1
Pilates,Active,description,74,1,5,1,0,3,0,0,0,,,,,1,0,,-1
Rugby,Active,description,75,1,1,3,0,1,3,3,2,,,,,0,1,,1
Fencing,Active,description,76,1,1,1,0,3,2,2,2,,,,,0,1,,-1
Jet Skiing,Active,description,77,1,3,3,1,1,3,3,2,,,,,1,1,,0
Weight Lifting,Active,description,78,0,3,0,0,3,2,1,2,,,,,0,0,,-1
Calisthenics,Active,Use just your body weight for different exercises to build muscle mass and increase mobility,79,0,3,1,0,3,0,0,0,,,,,1,0,,-1
Sailing,Active,description,80,1,1,3,1,3,3,2,2,,,,,1,2,,1
Lacrosse,Active,description,81,1,1,2,0,1,3,2,2,,,,,0,1,,0
Field Hockey,Active,description,82,1,1,2,0,1,3,2,2,,,,,0,1,,0
Ice Hockey,Active,description,83,1,1,0,0,3,3,2,2,,,,,0,1,,-1
Cricket,Active,description,84,1,1,3,0,1,3,2,2,,,,,0,1,,0
Badminton,Active,description,85,1,1,1,0,1,3,2,2,,,,,0,1,,1
Dodgeball,Active,description,86,1,1,1,0,1,3,2,2,,,,,0,1,,-1
Roller Derby,Active,description,87,1,1,0,0,2,3,3,2,,,,,0,1,,-1
Spikeball,Active,description,88,1,1,2,0,0,3,1,1,,,,,0,1,,1
Metal Detecting,Active,description,89,0,5,3,0,3,3,0,0,,,,,2,0,,1
Diving,Active,description,90,0,3,1,0,3,3,1,3,,,,,1,0,,1
Rodeo,Active,description,91,1,3,2,0,2,3,,3,,,,,0,3,,0
Boomerang,Active,description,92,0,3,3,0,1,3,1,0,,,,,1,0,,0
Wine/Drink Tasting,Food,description,93,1,2,1,0,0,0,0,3,,,,,1,0,60,-1
Cooking,Food,description,94,0,3,0,0,3,3,1,0,,,,,1,0,60,-1
Baking,Food,description,95,0,3,0,0,3,3,1,0,,,,,0,0,60,-1
Homebrewing,Food,description,96,0,2,0,0,3,3,,3,,,,,0,2,,-1
Vinification (Winemaking),Food,description,97,0,2,0,0,3,3,,3,,,,,0,2,,-1
BBQ,Food,description,98,1,3,3,0,3,3,5,0,,,,,1,1,,1
Collect and Try Vintage Recipes,Food,description,99,0,2,0,0,2,3,1,0,,,,,0,0,,-1
Coffee,Food,description,100,0,2,1,0,1,3,3,0,,,,,0,0,30,-1
Tea,Food,description,101,0,2,1,0,1,3,5,0,,,,,0,0,30,-1
Mixology,Food,description,102,1,5,0,0,3,3,4,0,,,,,0,0,,-1
Foodie,Food,description,103,0,4,0,0,0,0,5,3,,,,,0,0,30,-1
Video Games,Misc,description,104,0,5,0,0,0,3,0,0,,,,,0,0,30,-1
Jigsaw Puzzles,Puzzle,description,105,0,2,0,0,0,3,0,0,,,,,0,0,,-1
Crossword Puzzles,Puzzle,description,106,0,1,0,0,0,3,5,0,,,,,0,0,,-1
Sudoku,Puzzle,description,107,0,1,0,0,0,3,5,0,,,,,0,0,,-1
Word Scrambles,Puzzle,description,108,0,1,0,0,0,3,5,0,,,,,0,0,,-1
Blogging,Misc,description,109,0,2,0,0,0,3,0,0,,,,,0,0,,-1
Podcasting,Misc,description,110,0,5,0,0,1,3,0,0,,,,,0,0,,-1
Corn Hole,Misc,description,111,1,4,3,0,0,3,1,0,,,,,1,0,,1
Horseshoes,Misc,description,112,1,4,3,0,0,2,0,0,,,,,1,0,,1
Billiards,Misc,description,113,1,4,0,0,1,2,1,0,,,,,0,0,,-1
Darts,Misc,description,114,1,4,1,0,1,2,1,0,,,,,0,0,,-1
Fiction Writing,Creative,description,115,0,1,1,0,2,3,0,0,,,,,1,0,,-1
Writing Poetry,Creative,description,116,0,1,1,0,2,3,0,0,,,,,1,0,,-1
Reading Poetry,Misc,description,117,0,3,1,0,0,3,0,0,,,,,1,0,,-1
Book Club,Misc,description,118,1,2,1,0,0,3,4,0,,,,,0,0,,-1
Reading Fiction,Misc,description,119,0,2,1,0,0,3,0,0,,,,,1,0,,-1
Reading Non-fiction,Misc,description,120,0,2,1,0,0,3,0,0,,,,,1,0,,-1
Brain Teasers,Puzzle,description,121,0,2,1,0,0,3,5,0,,,,,1,0,,-1
Bingo,Misc,description,122,1,2,0,0,0,3,5,0,,,,,0,0,,-1
Poker,Misc,description,123,1,4,0,0,2,3,0,1,,,,,0,0,,-1
Magic,Misc,description,124,0,4,1,0,3,3,1,0,,,,,0,0,,-1
Magic The Gathering,TCG,description,125,1,2,0,0,1,3,2,0,,,,,0,0,,-1
Dungeons and Dragons,Misc,description,126,1,1,1,0,1,3,0,0,,,,,0,0,,-1
Board Games,Misc,description,127,1,1,0,0,0,3,0,0,,,,,0,0,,-1
Model Building,Misc,description,128,0,2,0,0,0,3,4,0,,,,,0,0,,-1
Chess,Puzzle,description,129,1,5,1,0,2,2,0,0,,,,,0,0,,-1
Acting,Misc,description,130,1,2,1,0,3,0,0,0,,,,,0,0,,-1
Improv,Misc,description,131,1,1,1,0,3,0,0,1,,,,,0,0,,-1
Genealogy,Misc,description,132,0,2,0,0,1,0,0,0,,,,,0,0,,-1
Ancient/Historical Games,Misc,description,133,1,2,1,0,0,3,-1,0,,,,,1,0,,-1
Geocacheing,Misc,Find trinkets around your city or out in the wilderness placed by other people and also hide your own! Leave clues or coordinates online for anyone to use and join the hunt!,134,0,3,3,0,0,3,1,0,,,,,1,0,,1
Bowling,Misc,description,135,1,5,0,0,3,2,0,1,,,,,0,0,,-1
Yo-Yo,Misc,description,136,0,3,1,0,3,3,2,0,,,,,1,0,,-1
Juggling,Misc,Work on your hand-eye coordination by repeatedly tossing various objects into the air in different patterns and then catching them,137,0,3,1,0,3,3,1,0,,,,,1,0,,-1
Aviation,Misc,description,138,0,3,3,0,3,3,4,3,,,,,1,2,,1
Contact Juggling,Misc,Instead of throwing the objects into the air to juggle. You instead roll or balance the objects on your body and each of the objects themselves.,139,0,4,1,0,3,3,1,0,,,,,1,0,,-1
Oil Painting,Art,description,140,0,4,1,0,3,3,4,0,,,,,1,0,,1
Acrylic Painting,Art,description,141,0,4,1,0,3,3,4,0,,,,,1,0,,1
Water Color Painting,Art,description,142,0,4,1,0,3,3,4,0,,,,,1,0,,1
Charcoal Drawing,Art,description,143,0,4,1,0,3,3,4,0,,,,,1,0,,1
Graphite (pencil) Drawing,Art,description,144,0,4,1,0,3,3,4,0,,,,,1,0,,1
Pastel Drawing,Art,description,145,0,4,1,0,3,3,4,0,,,,,1,0,,1
Color Pencil Coloring,Art,description,146,0,4,1,0,3,3,4,0,,,,,1,0,,1
Paint by Numbers,Art,description,147,0,3,1,0,0,3,4,0,,,,,1,0,,1
Color by Numbers,Art,description,148,0,3,1,0,0,3,4,0,,,,,1,0,,1
Spray Painting,Art,description,149,0,4,2,0,1,3,4,0,,,,,1,0,,0
Stencil Painting,Art,description,150,0,4,1,0,1,3,4,0,,,,,1,0,,1
Pottery,Art,description,151,0,4,0,0,3,3,4,1,,,,,1,0,,-1
Clay Sculpting,Art,description,152,0,4,0,0,3,3,4,1,,,,,1,0,,-1
Polymer Clay Sculpting,Art,description,153,0,4,0,0,3,3,4,1,,,,,1,0,,-1
Porcelain Sculpting,Art,description,154,0,4,0,0,3,3,4,1,,,,,1,0,,-1
Wood Carving,Art,description,155,0,3,1,0,3,3,4,1,,,,,1,1,,1
Stone Sculpting,Art,description,156,0,3,1,0,3,3,4,1,,,,,1,1,,1
Wood Turning,Art,description,157,0,3,0,0,3,3,4,1,,,,,1,1,,-1
Wood Burning,Art,description,158,0,3,1,0,3,3,4,1,,,,,1,1,,1
Wood Working,Art,description,159,0,3,0,0,3,3,4,1,,,,,1,1,,-1
Metal Working,Art,description,160,0,3,1,0,3,3,4,1,,,,,1,1,,-1
Photography,Art,Capture urban or natural environments and moments with your camera. Tell the story of different people or animals or even whole cities through pictures.,161,0,5,1,0,3,3,0,0,,,,,1,0,,-1
Graphic Design,Art,description,162,0,4,1,0,3,3,0,0,,,,,0,0,,-1
Digital Art,Art,description,163,0,4,1,0,3,3,0,0,,,,,0,0,,-1
Videography,Art,description,164,1,4,1,0,3,3,0,0,,,,,1,0,,-1
Film Making,Art,description,165,1,4,1,0,3,3,0,0,,,,,1,0,,-1
Stained Glass,Art,description,166,0,3,0,0,3,3,4,0,,,,,0,1,,-1
Origami,Art,description,167,0,2,1,0,3,3,4,0,,,,,1,0,,-1
Glass Blowing,Art,description,168,1,4,0,0,3,3,4,2,,,,,0,1,,-1
Glass Painting,Art,description,169,0,3,1,0,3,3,4,0,,,,,1,0,,-1
Illustration,Art,description,170,0,3,1,0,3,3,4,0,,,,,1,0,,-1
Resin Molding,Art,description,171,0,3,0,0,,3,,0,,,,,0,0,,-1
Glass Etching,Art,description,172,0,3,1,0,,3,,0,,,,,1,0,,-1
Concrete Molding,Art,description,173,0,3,1,0,,3,,1,,,,,0,1,,1
Mosaicking,Art,description,174,0,3,1,0,,3,,0,,,,,1,0,,-1
Ice Sculpting,Art,description,175,0,3,3,0,3,3,5,0,,,,,1,1,,-1
Sand Sculpting,Art,description,176,0,3,3,0,,3,,0,,,,,1,0,,0
Sand Carving,Art,description,177,0,3,3,0,,3,,0,,,,,1,0,,0
Linocut Printmaking,Art,description,178,0,2,0,0,,3,,0,,,,,0,1,,-1
Woodcut Printmaking,Art,description,179,0,2,0,0,,3,,0,,,,,0,1,,-1
Rubber Stamping,Art,description,180,0,2,0,0,,3,,0,,,,,0,1,,-1
Kintsugi,Art,description,181,0,3,0,0,,3,4,0,,,,,1,0,,-1
Stand-up comedy,Art,Push your creativity and humor to write a short set to make people laugh! Take that set and tell it to friends or even an open mike night at a local bar.,182,1,2,1,0,3,0,0,0,,,,,0,0,120,-1
Jewelry Making,Art,description,183,0,2,0,0,3,3,4,0,,,,,0,1,,-1
Leaf/Flower Pressing,Crafts,description,184,0,3,0,0,1,3,,0,,,,,1,0,,-1
Painting pre-made Pottery,Crafts,description,185,0,2,1,0,1,3,,0,,,,,0,0,,-1
Figure Painting,Crafts,description,186,0,2,0,0,1,3,,0,,,,,0,0,,-1
Jewlery Making,Crafts,description,187,0,2,0,0,3,3,,0,,,,,0,1,,-1
Knitting,Crafts,description,188,0,4,0,0,3,3,4,0,,,,,0,0,,-1
Crochet,Crafts,description,189,0,4,0,0,3,3,4,0,,,,,0,0,,-1
Needle Felting,Crafts,description,190,0,2,1,0,,3,,0,,,,,0,0,,-1
Press Felting,Crafts,description,191,0,2,0,0,,3,,0,,,,,0,,,-1
Acrylic Felting,Crafts,description,192,0,2,,0,,3,,0,,,,,0,,,-1
Sewing,Crafts,description,193,0,2,,0,3,3,,0,,,,,0,0,,-1
Calligraphy,Crafts,Turn hand writing into art. Write beautiful cards for friends and family. Or write chalk and window advertisments.,194,0,2,1,0,3,3,,0,,,,,1,0,,-1
Candle Making,Crafts,description,195,0,5,0,0,3,3,,0,,,,,1,,,-1
Tie Dye,Crafts,description,196,0,3,1,0,,3,5,0,,,,,1,0,,-1
Scrapbooking,Crafts,Turn memories and pictures or anything else you enjoy that can fit on a page into a nice presentable book to share with others or just yourself!,197,0,2,0,0,,3,,0,,,,,0,0,,-1
Quilting,Crafts,description,198,0,5,0,0,,3,,0,,,,,0,0,,-1
Whittling,Crafts,description,199,0,3,1,0,,3,5,0,,,,,1,0,,-1
Cross Stitching,Crafts,description,200,0,2,1,0,,3,,0,,,,,1,,,-1
Puppetry,Crafts,description,201,0,2,1,0,,3,,0,,,,,,,,-1
Soap Making,Crafts,description,202,0,3,1,0,,3,5,0,,,,,,,,-1
Painting Shoes/Clothing,Crafts,description,203,0,3,1,0,,3,,0,,,,,1,0,,-1
Embroidery,Crafts,description,204,0,1,0,0,,3,,0,,,,,,,,-1
Silhouette Crafts,Crafts,description,205,0,2,1,0,,3,,0,,,,,,,,-1
Needleworking,Crafts,description,206,0,1,0,0,,3,,0,,,,,1,0,,-1
Map Making,Crafts,Learn how to accuratley represent our world in a cool piece of art! Or even create your own world to showcase in fun and creative ways!,207,0,1,0,0,,3,,0,,,,,1,0,,-1
Sticker Making,Crafts,description,208,0,1,0,0,,3,,0,,,,,1,0,,-1
Diamond Painting,Crafts,description,209,0,1,0,0,,3,,0,,,,,0,0,,-1
Button Making,Crafts,description,210,0,2,1,0,,3,,0,,,,,,,,-1
Basket Weaving,Crafts,description,211,0,3,1,0,,3,,0,,,,,,,,-1
Terrazzo,Art,description,212,0,2,1,0,,3,5,0,,,,,0,0,,-1
Sand Art Bottling,Crafts,description,213,0,2,1,0,,3,,0,,,,,1,0,,-1
Leather Working,Crafts,Learn how to make bags or wallets or anything else you can think of out of leather. This crafting skill has a long history of creating much needed tools for survival to showcasing wealth on one off and novel creations,214,0,2,0,0,,3,,0,,,,,1,1,,-1
Screen Printing,Crafts,description,215,0,2,0,0,,3,,0,,,,,0,1,,-1
Cosplaying,Crafts,Combine many skills to create a costume of your favorite character or buy an already made one! Insert yourself into your favorite stories and dress the part! Many conventions and parties center around cosplaying as different characters and range from just a Tshirt all the way to extravagant complex costumes,216,1,5,1,0,0,3,,0,,,,,1,0,,-1
Larping,Crafts,description,217,1,3,1,0,0,3,,0,,,,,1,0,,-1
Weaving,Crafts,description,218,0,3,1,0,,3,,0,,,,,1,0,,-1
Fairy Gardening,Crafts,description,219,0,3,3,0,,3,,0,,,,,0,0,,-1
Bonkei,Art,description,220,0,3,1,0,,3,,0,,,,,1,0,,-1
Saikei,Art,description,221,0,3,1,0,,3,,0,,,,,1,1,,-1
Diorama Making,Crafts,description,222,0,3,1,0,,3,,0,,,,,0,0,,-1
Card Making,Crafts,description,223,0,3,1,0,,3,,0,,,,,0,0,,-1
Papercrafting,Crafts,description,224,0,2,1,0,,3,,0,,,,,0,0,,-1
Paper Making,Crafts,description,225,0,2,0,0,,3,,0,,,,,0,1,,-1
Book Binding,Crafts,description,226,0,2,0,0,,3,,0,,,,,0,1,,-1
Paper Mache,Crafts,description,227,0,3,1,0,,3,,0,,,,,1,0,,-1
Terrariums,Crafts,description,228,0,3,1,0,,3,,0,,,,,0,1,,-1
Topiary Gardening,Crafts,description,229,0,2,3,0,,3,,0,,,,,1,1,,-1
Seed Art,Crafts,description,230,0,3,1,0,,3,,0,,,,,1,0,,-1
Bird Watching,Nature,Get out in nature and admire it! Learn about local wildlife and how to identify all the different birds around you and what makes them all unique,231,0,5,3,0,1,1,0,0,,,,,1,0,,1
Tree and Plant Identifying,Nature,Ever wonder if that plant is edible or poisonous? Well learning about all the different trees and plants around not just a great way to get out into nature but is also a great skill to help keep yourself and other safe while hiking! Some plants have valuable medicinal properties while others are highly toxic and some make delicious teas!,232,0,3,3,0,1,0,0,0,,,,,1,0,,1
Rock Hunting,Nature,description,233,0,2,3,0,1,0,0,0,,,,,1,0,,1
Rock Tumbling,Nature,description,234,0,2,1,0,1,3,1,0,,,,,1,0,,-1
Fishing,Nature,description,235,0,5,3,1,2,3,,0,,,,,1,0,,1
Fly Fishing,Nature,description,236,0,5,3,1,3,3,2,0,,,,,1,1,,1
Ice Fishing,Nature,description,237,0,5,3,1,2,3,,0,,,,,1,1,,1
Kyaking,Nature,description,238,0,5,3,1,3,3,1,0,,,,,1,0,,1
Canoeing,Nature,description,239,0,5,3,1,1,3,1,0,,,,,1,0,,1
Rafting,Nature,description,240,1,3,3,1,3,3,1,0,,,,,1,0,,1
White Water Rafting,Nature,description,241,1,1,3,1,3,3,1,1,,,,,2,2,,1
Scuba Diving,Nature,Explore the world right under us! Scuba Diving allows you to swim and breathe underwater to explore and learn about all sorts of aquatic life thats all around us! Fresh water or salt water all have great things to see and admire.,242,0,5,3,1,3,3,3,1,,,,,1,1,,1
Rock Climbing,Nature,description,243,1,4,1,1,3,3,3,1,,,,,1,0,,1
Bouldering,Nature,description,244,1,5,1,1,3,1,3,1,,,,,1,0,,1
Plein Air Painting,Nature,Go out into nature and paint what you see! It helps to paint with a reference and it also helps you slow down and really look at the details of the things around you. Many Plein Air painters describe it as peaceful and metatative. Plus you get a beautiful painting out of it that you made!,245,0,3,3,0,3,3,4,0,,,,,1,0,,0
Gardening,Nature,Whether its for beauty or for function or even both! Gardening is a great way to relax and spend time outside even if its just right outside your door. You can grow vegetables to make with dinner or grow beautiful flowers for the bees! No matter how you garden it will ofer you some time in your life to get your hands a little dirty and create something from nothing.,246,0,5,3,0,3,3,3,0,,,,,1,0,,1
Astronomy,Nature,Learn about our place in the universe! The other planets in our solar system all have their own unique story and appearance. Astronomy is a great way to learn about them as well as the other solar systems in our galaxy and the other galaxies in our universe and all the asteroids and rouge planets out there! And not just learn about them but also observe them with your own eyes!,247,0,3,3,0,3,1,0,0,,,,,1,0,,0
Bonsai,Nature,description,248,0,2,1,0,3,3,1,0,,,,,1,0,,-1
Pooktre,Nature,description,249,0,2,1,0,1,3,1,0,,,,,1,1,,1
Aquascaping,Nature,description,250,0,2,1,0,1,3,,0,,,,,1,1,,-1
Rock Gardening,Nature,description,251,0,2,3,0,1,3,,0,,,,,1,0,,1
Zen Gardening,Nature,description,252,0,2,1,0,1,3,,0,,,,,1,0,,0
Visiting National Parks,Nature,description,253,0,3,3,0,0,0,0,3,,,,,2,2,,-1
Falconry,Nature,description,254,0,2,3,0,3,3,5,3,,,,,2,3,,1
Equestrianism,Nature,description,255,1,3,3,0,3,3,,3,,,,,2,3,,1
Bushcraft,Nature,description,256,0,3,3,1,3,3,,0,,,,,2,1,,-1
Hunting,Nature,description,257,0,5,3,2,3,3,3,2,,,,,2,1,,-1
Knot-tying,Nature,description,258,0,3,1,0,3,3,3,0,,,,,1,0,,-1
Keyboard,Music,description,259,0,3,1,0,3,3,0,0,,,,,0,0,,-1
Acoustic Guitar,Music,description,260,0,3,1,0,3,3,1,0,,,,,1,0,,-1
Electric Guitar,Music,description,261,0,3,1,0,3,3,1,0,,,,,0,0,,-1
Classical Guitar,Music,description,262,0,3,1,0,3,3,1,0,,,,,1,0,,-1
Bass Guitar,Music,description,263,0,3,1,0,3,3,1,0,,,,,0,0,,-1
Drums,Music,description,264,0,3,1,0,3,3,1,0,,,,,0,0,,-1
Singing,Music,description,265,0,3,1,0,3,3,0,0,,,,,1,0,,-1
Harmonica,Music,description,266,0,3,1,0,3,3,0,0,,,,,1,0,,-1
Piano,Music,description,267,0,3,1,0,3,3,0,0,,,,,0,0,,-1
Violin,Music,description,268,0,3,1,0,3,3,1,0,,,,,1,0,,-1
Double Bass,Music,description,269,0,3,1,0,3,3,1,0,,,,,1,0,,-1
Cello,Music,description,270,0,3,1,0,3,3,1,0,,,,,1,0,,-1
Harp,Music,description,271,0,3,1,0,3,3,1,0,,,,,0,0,,-1
Lyre,Music,description,272,0,3,1,0,3,3,1,0,,,,,1,0,,-1
Pan Flute,Music,description,273,0,3,1,0,3,3,0,0,,,,,1,0,,-1
Flute,Music,description,274,0,3,1,0,3,3,0,0,,,,,1,0,,-1
Oboe,Music,description,275,0,3,1,0,3,3,2,0,,,,,1,0,,-1
Clarinet,Music,description,276,0,3,1,0,3,3,2,0,,,,,1,0,,-1
Piccolo,Music,description,277,0,3,1,0,3,3,0,0,,,,,1,0,,-1
English Horn,Music,description,278,0,3,1,0,3,3,0,0,,,,,1,0,,-1
Bass Clarinet Bassoon,Music,description,279,0,3,1,0,3,3,2,0,,,,,1,0,,-1
Contrabassoon,Music,description,280,0,3,1,0,3,3,2,0,,,,,1,0,,-1
Trumpet,Music,description,281,0,3,1,0,3,3,0,0,,,,,1,0,,-1
French Horn,Music,description,282,0,3,1,0,3,3,0,0,,,,,1,0,,-1
Trombone,Music,description,283,0,3,1,0,3,3,0,0,,,,,1,0,,-1
Tuba,Music,description,284,0,3,1,0,3,3,0,0,,,,,1,0,,-1
Timpani,Music,description,285,0,3,1,0,3,3,0,0,,,,,1,0,,-1
Xylophone,Music,description,286,0,3,1,0,3,3,0,0,,,,,1,0,,-1
Triangle,Music,description,287,0,3,1,0,3,3,0,0,,,,,1,0,,-1
Snare Drum,Music,description,288,0,3,1,0,3,3,1,0,,,,,1,0,,-1
Celesta,Music,description,289,0,3,1,0,3,3,0,0,,,,,1,0,,-1
Castanets,Music,description,290,0,3,1,0,3,3,0,0,,,,,1,0,,-1
Mbira,Music,description,291,0,3,1,0,3,3,1,0,,,,,1,0,,-1
Kalimba,Music,description,292,0,3,1,0,3,3,0,0,,,,,1,0,,-1
Bagpipes,Music,description,293,0,3,1,0,3,3,1,0,,,,,1,0,,-1
Bugle,Music,description,294,0,3,1,0,3,3,0,0,,,,,1,0,,-1
Tennor Saxophone,Music,description,295,0,3,1,0,3,3,2,0,,,,,1,0,,-1
Alto Saxaphone,Music,description,296,0,3,1,0,3,3,2,0,,,,,1,0,,-1
Banjo,Music,description,297,0,3,1,0,3,3,2,0,,,,,1,0,,-1
Shamisen,Music,description,298,0,3,1,0,3,3,2,0,,,,,1,0,,-1
Hurdy-gurdy,Music,description,299,0,3,1,0,3,3,2,0,,,,,1,0,,-1
Cornet,Music,description,300,0,3,1,0,3,3,0,0,,,,,1,0,,-1
Recorder,Music,description,301,0,3,1,0,3,3,0,0,,,,,1,0,,-1
Ukulele,Music,description,302,0,3,1,0,3,3,2,0,,,,,1,0,,-1
Bongo Drums,Music,description,303,0,3,1,0,3,3,1,0,,,,,1,0,,-1
Going to Concerts,Music,description,304,0,3,1,0,0,0,-1,0,5,300,5,300,0,0,,-1
Playing Music With Friends,Music,description,305,0,3,1,0,0,3,-1,0,,,,,1,0,,-1
Covering Songs,Music,description,306,0,3,1,0,2,3,-1,0,,,,,1,0,,-1
Beatboxing,Music,description,307,0,3,1,0,3,3,0,0,,,,,1,0,,-1
Making Electronic Music,Music,description,308,0,3,1,0,3,3,-1,0,,,,,0,0,,-1
Making Remixes,Music,description,309,0,3,1,0,3,3,-1,0,,,,,0,0,,-1
Rapping,Music,description,310,0,3,1,0,3,3,0,0,,,,,1,0,,-1
Mixing,Music,description,311,0,3,1,0,3,3,-1,0,,,,,0,0,,-1
Audiophile,Music,description,312,0,2,1,0,1,3,-1,0,,,,,0,0,,-1
Stamps,Collecting,description,313,0,2,0,0,1,2,-1,2,-1,-1,-1,-1,0,0,,-1
Sports Cards,Collecting,description,314,0,2,0,0,1,2,-1,2,-1,-1,-1,-1,0,0,,-1
Playing Cards,Collecting,description,315,0,2,0,0,1,2,-1,2,-1,-1,-1,-1,0,0,,-1
Precious Metals,Collecting,description,316,0,2,0,0,1,2,-1,2,-1,-1,-1,-1,0,0,,-1
Books,Collecting,description,317,0,2,0,0,1,2,-1,2,-1,-1,-1,-1,0,0,,-1
Art,Collecting,Collecting art from your favorite artists or time period or style is a great way to connect with yourself and decorate your home to make it feel truly yours! Thrift stores and antique stores and even loacal art shows are all great ways to find cheap art that you might enjoy! Cheap does not mean bad! If you like it and it makes you feel a connection to the piece or yourself then that is what matters! There are many online resources to help you get started finding art and what to look for if you want to get serious about it.,318,0,2,0,0,1,2,-1,2,-1,-1,-1,-1,0,0,,-1
Pens,Collecting,description,319,0,2,0,0,1,2,-1,2,-1,-1,-1,-1,0,0,,-1
Buttons,Collecting,description,320,0,2,0,0,1,2,-1,2,-1,-1,-1,-1,0,0,,-1
Flags,Collecting,description,321,0,2,0,0,1,2,-1,2,-1,-1,-1,-1,0,0,,-1
Spoons,Collecting,description,322,0,2,0,0,1,2,-1,2,-1,-1,-1,-1,0,0,,-1
Bottle Openers,Collecting,description,323,0,2,0,0,1,2,-1,2,-1,-1,-1,-1,0,0,,-1
Watches,Collecting,description,324,0,2,0,0,1,2,-1,2,-1,-1,-1,-1,0,0,,-1
Sports memorabillia,Collecting,description,325,0,2,0,0,1,2,-1,2,-1,-1,-1,-1,0,0,,-1
Autographs,Collecting,description,326,0,2,0,0,1,2,-1,2,-1,-1,-1,-1,0,0,,-1
Art Magnets,Collecting,description,327,0,2,0,0,1,2,-1,2,-1,-1,-1,-1,0,0,,-1
Vinyl Records,Collecting,description,328,0,2,0,0,1,2,-1,2,-1,-1,-1,-1,0,0,,-1
Knick-Knacks,Collecting,description,329,0,2,0,0,1,1,-1,2,-1,-1,-1,-1,0,0,,-1
LEGO,Collecting,description,330,0,2,0,0,1,1,-1,2,-1,-1,-1,-1,0,0,,-1
Action Figures,Collecting,description,331,0,2,0,0,1,1,-1,2,-1,-1,-1,-1,0,0,,-1
Sea Shells,Collecting,description,332,0,2,2,0,1,1,-1,2,-1,-1,-1,-1,1,0,,-1
Ties,Collecting,description,333,0,2,0,0,1,1,-1,2,-1,-1,-1,-1,0,0,,-1
Hats,Collecting,description,334,0,2,0,0,1,1,-1,2,-1,-1,-1,-1,0,0,,-1
Shoes,Collecting,description,335,0,2,0,0,1,1,-1,2,-1,-1,-1,-1,0,0,,-1
Matchbooks,Collecting,description,336,0,2,0,0,1,1,-1,2,-1,-1,-1,-1,0,0,,-1
Wine,Collecting,description,337,0,2,0,0,1,2,-1,2,-1,-1,-1,-1,0,0,,-1
Corks,Collecting,description,338,0,2,0,0,1,1,-1,2,-1,-1,-1,-1,0,0,,-1
Bottle Caps,Collecting,description,339,0,2,0,0,1,1,-1,2,-1,-1,-1,-1,0,0,,-1
Vintage Glass/Bottles,Collecting,description,340,0,2,0,0,1,1,-1,2,-1,-1,-1,-1,0,0,,-1
Cookbooks,Collecting,description,341,0,2,0,0,1,1,-1,2,-1,-1,-1,-1,0,0,,-1
Figurines,Collecting,description,342,0,2,0,0,1,1,-1,2,-1,-1,-1,-1,0,0,,-1
Whiskey/Rum/Spirits,Collecting,description,343,0,2,0,0,1,1,-1,2,-1,-1,-1,-1,0,0,,-1
Vintage Metal Toys,Collecting,description,344,0,2,0,0,1,1,-1,2,-1,-1,-1,-1,0,0,,-1
Candles,Collecting,description,345,0,2,0,0,1,1,-1,2,-1,-1,-1,-1,0,0,,-1
Antiques,Collecting,description,346,0,2,0,0,1,1,-1,2,-1,-1,-1,-1,0,0,,-1
Relics,Collecting,description,347,0,2,0,0,1,1,-1,2,-1,-1,-1,-1,0,0,,-1
Snow Globes,Collecting,description,348,0,2,0,0,1,1,-1,2,-1,-1,-1,-1,0,0,,-1
All Things X Color,Collecting,description,349,0,2,0,0,0,1,-1,2,-1,-1,-1,-1,0,0,,-1
Pez Dispenser,Collecting,description,350,0,2,0,0,0,1,-1,2,-1,-1,-1,-1,0,0,,-1
Disneyanna,Collecting,description,351,0,2,0,0,1,1,-1,2,-1,-1,-1,-1,0,0,,-1
Childhood Toys,Collecting,description,352,0,2,0,0,1,1,-1,2,-1,-1,-1,-1,0,0,,-1
Favorite Movie Memorbillia,Collecting,description,353,0,2,0,0,1,1,-1,2,-1,-1,-1,-1,0,0,,-1
HollyWood/Film Memorbillia,Collecting,description,354,0,2,0,0,1,1,-1,2,-1,-1,-1,-1,0,0,,-1
Tea,Collecting,description,355,0,2,0,0,1,2,-1,2,-1,-1,-1,-1,0,0,,-1
Tea Cups,Collecting,description,356,0,2,0,0,1,1,-1,2,-1,-1,-1,-1,0,0,,-1
Mugs,Collecting,description,357,0,2,0,0,1,1,-1,2,-1,-1,-1,-1,0,0,,-1
Album Art,Collecting,description,358,0,2,0,0,1,2,-1,2,-1,-1,-1,-1,0,0,,-1
Political Memorbillia,Collecting,description,359,0,2,0,0,1,1,-1,2,-1,-1,-1,-1,0,0,,-1
Lunch Boxes,Collecting,description,360,0,2,0,0,1,1,-1,2,-1,-1,-1,-1,0,0,,-1
Ceramics,Collecting,description,361,0,2,0,0,1,1,-1,2,-1,-1,-1,-1,0,0,,-1
Historical Items,Collecting,There is just something about holding a coin or a sword or sitting at a desk that was made hundreds of years ago. It feels like a direct connection to the past. Maybe its even something that belonged to an important figure in history. Like a silver spoon made by Paul Revere or a pen used by a president to sign a bill into law. These tangable objects are interesting to look at and are a great way to learn about our past. They also make great conversation starters!,362,0,2,0,0,1,2,-1,2,-1,-1,-1,-1,0,0,,-1
X Company Memorbillia,Collecting,Did a certiain company start in your home town and you want to show pride in that? Or maybe you just really like their logo or products. Whatever your reason maybe collecting memorbillia and products from a certain company or even genre of company is fairly common and a fun way to have a well organized collection with clear borders of being this one thing.,363,0,2,0,0,0,1,-1,2,-1,-1,-1,-1,0,0,,-1
Animation Cells,Collecting,This is a great way to connect with movies or shows you have enjoyed. Its also a great look into how these things are made and the level of care and talent it takes to make things we might take for granted.,364,0,2,0,0,1,2,-1,2,-1,-1,-1,-1,0,0,,-1
Ashtrays,Collecting,description,365,0,2,0,0,0,1,-1,2,-1,-1,-1,-1,0,0,,-1
Sports Balls,Collecting,description,366,0,2,0,0,1,2,-1,2,-1,-1,-1,-1,0,0,,-1
Concert Tickets,Collecting,description,367,0,2,0,0,0,2,-1,2,-1,-1,-1,-1,0,0,,-1
Old Currency,Collecting,description,368,0,2,0,0,1,2,-1,2,-1,-1,-1,-1,0,0,,-1
Foreign Currency,Collecting,description,369,0,2,0,0,1,2,-1,2,-1,-1,-1,-1,0,0,,-1
Coins,Collecting,description,370,0,2,0,0,1,2,-1,2,-1,-1,-1,-1,0,0,,-1
Fossils,Collecting,description,371,0,2,1,0,1,1,-1,2,-1,-1,-1,-1,1,0,,-1
Key Chains,Collecting,description,372,0,2,0,0,0,1,-1,2,-1,-1,-1,-1,0,0,,-1
Comic Books,Collecting,Superheros have made a resurgance in popular culture and its interesting to see the creation of these characters and how their stories began. Not only that but they are great stories presented in an easily digestable way.,373,0,2,0,0,1,2,-1,2,-1,-1,-1,-1,0,0,,-1
Models,Collecting,description,374,0,2,0,0,1,1,-1,2,-1,-1,-1,-1,0,0,,-1
Movies,Collecting,description,375,0,2,0,0,1,1,-1,2,-1,-1,-1,-1,0,0,,-1
Patches,Collecting,description,376,0,2,0,0,1,1,-1,2,-1,-1,-1,-1,0,0,,-1
Military Memorbillia,Collecting,description,377,0,2,0,0,1,1,-1,2,-1,-1,-1,-1,0,0,,-1
Vintage Electronics,Collecting,description,378,0,2,0,0,1,1,-1,2,-1,-1,-1,-1,0,0,,-1
Stickers,Collecting,description,379,0,2,0,0,0,2,-1,2,-1,-1,-1,-1,0,0,,-1
Vintage Clothing,Collecting,description,380,0,2,0,0,1,1,-1,2,-1,-1,-1,-1,0,0,,-1
Video Games,Collecting,Collecting different consoles and games is great way to connect with the past. Video games have become a huge part of society and looking back at where it began and how they evolved and grew is a fun and interactive way to learn about them and even connect with people,381,0,2,0,0,1,2,-1,2,-1,-1,-1,-1,0,0,,-1
Trading Cards,Collecting,description,382,0,2,0,0,1,2,-1,2,-1,-1,-1,-1,0,0,,-1
Vintage Signs,Collecting,description,383,0,2,0,0,1,1,-1,2,-1,-1,-1,-1,0,0,,-1
X Themed/Industry Items,Collecting,description,384,0,2,0,0,1,1,-1,2,-1,-1,-1,-1,0,0,,-1
Knives,Collecting,description,385,0,2,0,0,1,1,-1,2,-1,-1,-1,-1,0,0,,-1
Beer Steins,Collecting,description,386,0,2,0,0,1,1,-1,2,-1,-1,-1,-1,0,0,,-1
Cameras,Collecting,description,387,0,2,0,0,1,1,-1,2,-1,-1,-1,-1,0,0,,-1
Feathers,Collecting,description,388,0,2,2,0,1,2,-1,2,-1,-1,-1,-1,1,0,,-1
Maps,Collecting,description,389,0,2,0,0,1,2,-1,2,-1,-1,-1,-1,0,0,,-1
Crystals/Geodes,Collecting,description,390,0,2,2,0,1,1,-1,2,-1,-1,-1,-1,1,0,,-1
Pinball Machines,Collecting,description,391,0,2,0,0,1,1,-1,2,-1,-1,-1,-1,0,0,,-1
Keys,Collecting,description,392,0,2,0,0,0,1,-1,2,-1,-1,-1,-1,0,0,,-1
Travel Posters/Stickers,Collecting,description,393,0,2,0,0,1,2,-1,2,-1,-1,-1,-1,0,0,,-1
Dirt From Your Travels,Collecting,description,394,0,2,2,0,0,3,-1,2,-1,-1,-1,-1,1,0,,-1
Pins,Collecting,description,395,0,2,0,0,1,2,-1,2,-1,-1,-1,-1,0,0,,-1
Displates,Collecting,description,396,0,2,0,0,1,1,-1,2,-1,-1,-1,-1,0,0,,-1
Postcards,Collecting,description,397,0,2,0,0,1,2,-1,2,-1,-1,-1,-1,0,0,,-1
Americana,Collecting,description,398,0,2,0,0,1,1,-1,2,-1,-1,-1,-1,0,0,,-1
Jewellery,Collecting,description,399,0,2,0,0,1,2,-1,2,-1,-1,-1,-1,0,0,,-1
Microscopy,Academic,description,400,0,2,0,0,2,3,,0,,,,,0,0,,-1
Game Design,Academic,description,401,0,2,1,0,1,3,,0,,,,,0,0,,-1
Meteorology,Academic,description,402,0,2,2,0,2,3,,0,,,,,1,0,,-1
Programming,Academic,description,403,0,2,1,0,3,3,1,0,,,,,0,0,,-1
Botany,Academic,description,404,0,3,1,0,3,3,,0,,,,,1,0,,-1
HAM Radio,Academic,description,405,0,5,1,0,2,3,,0,,,,,0,0,,-1
Data Science,Academic,description,406,0,3,1,0,3,3,,0,,,,,1,0,,-1
Insect Collecting,Academic,description,407,0,2,2,0,1,3,,0,,,,,1,0,,-1
Chemistry,Academic,description,408,0,3,1,0,3,3,5,2,,,,,0,1,,-1
Robotics,Engineering,description,409,0,,1,0,3,3,,2,,,,,0,2,,-1
Rocketeering,Engineering,description,410,0,,2,0,3,3,5,2,,,,,0,2,,1
Electrical Engineering,Engineering,description,411,0,,0,0,3,3,,2,,,,,0,1,,-1
Gadget Making,Engineering,description,412,0,,1,0,3,3,,2,,,,,0,1,,-1
3D Printing,Engineering,description,413,0,,0,0,3,3,5,2,,,,,0,1,,-1
Restoration,Engineering,description,414,0,,1,0,3,3,4,2,,,,,0,1,,-1
Re-Inventing Historical Inventions,Engineering,description,415,0,,1,0,1,3,,2,,,,,1,1,,-1
Computer Engineering,Engineering,description,416,0,,0,0,3,3,,2,,,,,0,1,,-1
Circuitry,Engineering,description,417,0,,0,0,3,3,,2,,,,,0,1,,-1
Mechanical Engineering,Engineering,description,418,0,,1,0,3,3,,2,,,,,0,1,,-1
FPV Drones,Engineering,description,419,0,4,3,0,3,3,,0,,,,,1,1,,0
RC Aviation,Engineering,description,420,0,3,3,0,3,3,,0,,,,,1,1,,0
Visit Botanical Gardens,Cultural,description,421,0,5,3,1,0,0,-1,3,5,30,5,30,0,0,,1
Visit Museums,Cultural,description,422,0,5,0,1,0,0,-1,3,5,30,5,30,0,0,,-1
Watch Documentaries,Cultural,description,423,0,4,0,0,0,0,-1,0,-1,-1,-1,-1,0,0,,-1
Create a Documentary,Cultural,description,424,0,5,1,1,3,3,-1,2,-1,-1,-1,-1,1,0,,-1
Go To Art Shows,Cultural,description,425,1,4,2,1,0,0,-1,2,-1,-1,-1,-1,0,0,,-1
Go To Festivals,Cultural,description,426,1,4,2,1,0,0,-1,2,-1,-1,-1,-1,0,0,,-1
Learning a Language,Cultural,description,427,0,3,1,0,3,0,-1,0,-1,-1,-1,-1,1,1,,-1
Watch Foreign Films,Cultural,description,428,0,3,0,0,0,1,-1,0,-1,-1,-1,-1,0,0,,-1